config,position,images,both_found,pck@0.2,people_per_image
rtmo_l,5050_guard,20,0.85,0.9501,1.85
rtmo_l,back1,20,0.65,0.8545,1.7
rtmo_l,back2,20,0.6,0.9198,1.7
rtmo_l,closed_guard1,20,0.6,0.7757,1.6
rtmo_l,closed_guard2,20,0.6,0.8156,1.6
rtmo_l,half_guard1,20,0.45,0.8361,1.5
rtmo_l,half_guard2,20,0.45,0.8214,1.45
rtmo_l,mount1,20,0.65,0.8139,1.65
rtmo_l,mount2,20,0.8,0.8758,1.85
rtmo_l,open_guard1,18,1.0,0.9684,2.0
rtmo_l,open_guard2,20,0.8,0.9636,2.0
rtmo_l,side_control1,20,0.6,0.7481,1.6
rtmo_l,side_control2,20,0.65,0.8004,1.65
rtmo_l,standing,20,0.95,0.9954,1.95
rtmo_l,takedown1,20,0.5,0.9783,1.75
rtmo_l,takedown2,20,0.3,0.9359,1.65
rtmo_l,turtle1,20,0.8,0.8683,1.85
rtmo_l,turtle2,20,0.9,0.9123,1.95
ensemble_l,5050_guard,20,1.0,0.9568,2.0
ensemble_l,back1,20,0.7,0.8765,1.8
ensemble_l,back2,20,0.45,0.901,1.55
ensemble_l,closed_guard1,20,0.75,0.8473,1.75
ensemble_l,closed_guard2,20,0.75,0.8073,1.85
ensemble_l,half_guard1,20,0.65,0.825,1.7
ensemble_l,half_guard2,20,0.7,0.781,1.7
ensemble_l,mount1,20,0.6,0.8098,1.6
ensemble_l,mount2,20,0.8,0.912,1.8
ensemble_l,open_guard1,18,0.9444,0.9846,2.0
ensemble_l,open_guard2,20,0.95,0.9678,2.0
ensemble_l,side_control1,20,0.6,0.7594,1.65
ensemble_l,side_control2,20,0.7,0.8486,1.7
ensemble_l,standing,20,1.0,0.9896,2.0
ensemble_l,takedown1,20,0.65,0.9839,1.85
ensemble_l,takedown2,20,0.7,0.8674,1.85
ensemble_l,turtle1,20,0.85,0.8569,1.85
ensemble_l,turtle2,20,0.8,0.9089,1.95
